name,index
Achim.Loerke,0
Andreas.Weber,1
Boris_Bokowski,2
Curtis_Windatt,3
Darin_Swanson,4
Darin_Wright,5
Frank,6
Heiko.Behrens,7
John_Arthorne,8
John_Duimovich,9
Kenn.Hussey,10
Kevin_McGuire,11
Markus.Tiede,12
Michael.Scharf,13
Michael_Rennie,14
Michael_Valenta,15
Mike_Wilson,16
Olivier_Thomann,17
Sebastian.Zarnekow,18
Silenio_Quarti,19
Sonia_Dimitrov,20
Stefan.Liebig,21
Stephane.Drapeau,22
Steve_Northover,23
Szymon.Brandys,24
Vikas.Chandra,25
a.demelt,26
aaaa,27
aboyko,28
aclement,29
adam,30
adolfosbh,31
adrian,32
adrian.mos,33
akurtako,34
akurtakov,35
alcapcom,36
alex,37
alex.blewitt,38
alex.lagarde,39
alex.panchenko,40
alexander,41
alexander.gurov,42
alexander.igdalov,43
alexmonthy,44
alvsan09,45
amuino,46
anders,47
andrea.zoppello,48
andreas.mihm,49
andreas.schank,50
andrei.ilitchev,51
andrei.shakirin,52
andrew,53
andrew.clement,54
andrew.ross,55
andrew_johnson,56
andrey,57
angelo.bernabei,58
angelo.zerr,59
aniefer,60
anithra,61
anne.jacko,62
anthonyh,63
antoine,64
arunkumar.thondapu,65
arvera,66
aurelien.pupier,67
balask,68
bbrodt,69
benjamin,70
benjamin.muskalla,71
benjamin.schwertfeger,72
benoit.langlois,73
bernd.hufmann,74
beth,75
bettini,76
beyhan,77
beyhan.veliev,78
bfitzpat,79
bhunt,80
bjiang,81
bmacisaa,82
bob,83
bokowski,84
boris,85
bork,86
borlander,87
bpayton,88
brad,89
brian.fitzpatrick,90
brian.vosburgh,91
briandealwis,92
britta.varwig,93
bruno.do.medeiros,94
bsd,95
c.keimel,96
c.knobloch,97
cabernal,98
cameron.bateman,99
camille.letavernier,100
caniszczyk,101
carlos,102
carm,103
carsten.pfeiffer,104
cbridgha,105
ccc,106
cdamus,107
cdtdoug,108
cedric.brun,109
cedric.notot,110
cfrost,111
chanskw,112
chris,113
chris.guindon,114
christian.campo,115
christian.dietrich,116
christian.georgi,117
christian.halstrick,118
christian.pontesegger,119
christian.saad,120
christopher.delahunt,121
clayberg,122
cmordant1,123
codingkriggs,124
cole,125
contact,126
cvgaviao,127
d_a_carver,128
dalexiev,129
daniel.megert,130
daniel.stucky,131
daniel_megert,132
danijoh2,133
darin.eclipse,134
darius.jockel,135
dave,136
david.green,137
david.minsky,138
david.sciamma,139
david_williams,140
davidcorley,141
davidmichaelkarr,142
dcarlson,143
dejan,144
denis.roy,145
dennis.huebner,146
dev,147
dgreen99,148
dieter,149
dietisheim,150
digulla,151
dinko.ivanov,152
dirk,153
dirk.fauth,154
djo,155
dkeysell,156
dmitry,157
donald.g.dunne,158
donald.smith,159
douglas.clarke,160
dschaefe,161
dschaefer,162
dsp,163
dwootton,164
dzonekl,165
ebaron,166
eclipse,167
eclipse.sprigogin,168
ed,169
edgar.m.mueller,170
edsonrichter,171
ekke,172
elaskavaia.cdt,173
elena.nayashkova,174
elharo,175
elias,176
email,177
emil.crumhorn,178
emo,179
emoffatt,180
emueller,181
erdal.karaca.de,182
erdillon,183
eric.gwin,184
ericc,185
esp1,186
etienne.juliot,187
eugene.tarassov,188
evanchsa,189
eyuen,190
fabiofz,191
fbricon,192
federico.ciccozzi,193
fiedler.mf,194
florian,195
foxm,196
francisu,197
frederic.jouault,198
frederic.madiot,199
fsteeg,200
fwaibel,201
fyaoxy,202
g.watson,203
gabipetrovay,204
gandhi.mukul,205
gercan,206
gerd,207
gian.maria.romanato,208
give.a.damus,209
glongman,210
gm.romanato,211
gnormington,212
golubev,213
gorkem.ercan,214
goulwen.lefur,215
greg,216
gregory.amerson,217
gregw,218
gunnar,219
guy.g,220
guy.pelletier,221
hal,222
hargrave,223
harshana05,224
heapifyman,225
henrik.lindberg,226
henshin.stj,227
hheitkoetter,228
hmalphettes,229
hoffmann,230
holger.oehm,231
hrr,232
hskolwal,233
hstaudacher,234
hugo.bruneliere,235
hwellmann.de,236
ian,237
ian.skerrett,238
ian.trimble,239
idydieng,240
ifedorenko,241
igor,242
igor.burilo,243
igor.novakovic,244
igor.vinnykov,245
ilg,246
info,247
irbull,248
ivan,249
ivan.inozemtsev,250
j.hiller,251
jackfong,252
james,253
jamesblackburn,254
jamsden,255
jan,256
jan.koehnlein,257
jan.sievers,258
janb,259
janet.campbell,260
jarthana,261
jason,262
javabrett,263
jbruck,264
jconlon,265
jdearden,266
jean.barata,267
jeandersonbc,268
jed,269
jeervin,270
jeff,271
jeffdouglas,272
jeffreyoverbey,273
jeremy.lindop,274
jeromem,275
jesper,276
jesse,277
jesse.mcconnell,278
jfaltermeier,279
jgarms,280
jgraham,281
jhkauf,282
jim.wright,283
jistrawn,284
jjensen,285
jjohnstn,286
jkrause,287
jmagnet,288
jmunoz,289
jo.hiller,290
joakim,291
jochen.wiedmann,292
joerg,293
joerg.reichert,294
john,295
jonas.helming,296
jonas.ruettimann,297
jonathan.musset,298
joshua,299
jruehlin,300
jsetya,301
jspadea,302
judyvdouglas,303
juergen.markus.haug,304
juergen.schumacher,305
julien,306
justin,307
jwang,308
jwoo,309
k.schmidt,310
kai,311
kaloyan.r,312
kaloyan.raev,313
karl.matthias,314
karsten.thoms,315
kchong,316
kdevolder,317
keithc,318
ken,319
ken_walker,320
kenn.hussey,321
kenneth.westelinck,322
kevin.grigorenko,323
khu,324
khussey,325
kilian.matt,326
kitlo,327
kleung,328
konrad_w,329
konstantin.komissarchik,330
kopp.dev,331
koppdev,332
kpqb38,333
kristian.duske,334
krum.tsvetkov,335
ksebasti,336
kutter,337
l.kirchev,338
lars.sonchocky-helldorf,339
lars.vogel,340
lasher,341
laurent.delaigue,342
laurent.goubet,343
laurent.redor,344
lautenbacher,345
leberre,346
ledunnel,347
linuxhippy,348
lippert,349
lj,350
lmcbout,351
lorenzo.bettini,352
loskutov,353
lothar,354
loulloudes.n,355
lufimtse,356
luis,357
lzhu,358
mail,359
malaperle,360
manderse,361
marc-andre.laperle,362
marc.dumais,363
marc.dutoo,364
marc.khouzam,365
marc.strapetz,366
marcel.bruch,367
marcus,368
mario,369
mariot.chauvin,370
markus.sabadello,371
markus_keller,372
mary,373
mat.booth,374
matthew,375
matthew.khouzam,376
matthias,377
matthias.sohn,378
matthias.wienand,379
mauersberger,380
mauromol,381
max.andersen,382
maxime_daniel,383
maximilian,384
mbehm,385
me,386
merks,387
mheitz,388
michael,389
michael.keith,390
michael.ochmann,391
michal.n,392
mickael.adam,393
mickael.istria,394
mik,395
mikael,396
mikael.petterson,397
mike,398
mike.milinkovich,399
mikhailkhod,400
miles.daffin,401
milesg78,402
milesparker,403
mirco.dotta,404
misc,405
mistria,406
mkhv73,407
mknauer,408
mkoegel,409
mlippert,410
mn,411
moritz.eysholdt,412
mpiggott,413
mqualizza,414
mrrussell,415
mtaal,416
mukul.gandhi,417
mvaawl,418
mwhitlock,419
naci.dai,420
nan.n.li,421
nathalie.lepine,422
nathan,423
navid.mehregani,424
nboldt,425
nbros,426
neil.hauge,427
neufeld.eugen,428
news,429
nickboldt,430
nitind,431
njbartlett,432
nyoescape,433
oisin.hurley,434
olaf,435
olibralo,436
oliver,437
oliver.wolf,438
onno.van.der.straaten,439
overholt,440
p_r_moreira,441
paolo.ditommaso,442
pascal,443
pascal.rapicault,444
patrick,445
patrick.tasse,446
paul,447
paul.fullbright,448
pawel.piech,449
pbenedict,450
pclenahan,451
pelder,452
peter,453
peter.friese,454
peter.hermsdorf,455
petya.sabeva,456
phuff,457
pierre-charles.david,458
pierre.gaufillet,459
pieter.humphrey,460
piotr,461
planger,462
pmuldoon,463
pnehrer,464
ptrevithick,465
pwebster,466
pwissel,467
rafael,468
rafsarifard,469
raghunathan.srinivasan,470
ralphgerbig,471
raphael.faudou,472
rcernich,473
rcraddoc,474
reckord,475
recoskie,476
rellermeyer,477
remy.suen,478
rgrunber,479
ricco.deutscher,480
richard,481
richard.gronback,482
rkrell,483
robert,484
robert.elves,485
robert.munteanu,486
robert.wetzold,487
robert_gallagher,488
roger,489
romain.bioteau,490
rsanchez,491
rsternberg,492
ruediger.herrmann,493
ryan,494
ryan.d.brooks,495
sablin.andrey,496
sam.davis,497
sandipchitale,498
sarika.sinha,499
sasa.zivkov,500
saurav.sarkar1,501
sbernard,502
scela,503
schtoo,504
scott,505
sean.neeley,506
sebastien.dubois,507
sebastien.moran,508
sedlund,509
selic,510
selsemore,511
serg.boyko2011,512
serge,513
sharon.corbett,514
shawn.minto,515
sholars,516
simon.eggler,517
simon.scholz,518
slewis,519
slyakhov,520
snorthov,521
spearce,522
spriet,523
sptaszkiewicz,524
sravankumarl,525
sspeiche,526
st.oehme,527
steeg,528
stefan.dimov,529
steffen.pingel,530
stephan,531
stephan.herrmann,532
stephane.begaudeau,533
stephane.thibaudeau,534
stephaneberle9,535
stepper,536
stevemash,537
stjerman,538
support,539
sven,540
sven.efftinge,541
sw,542
sxenos,543
szymon.ptaszkiewicz,544
tbuschto,545
tcarroll,546
tclick,547
tdesous,548
tdramsey,549
teodor.madan,550
tfmorris,551
thanh.ha,552
thanson,553
thirumala,554
thomas,555
thorsten,556
tibbitts,557
tikhomirov.artem,558
tjwatson,559
tmenzel,560
tom.schindl,561
tom.seidel,562
tomasz.zarna,563
torkildr,564
tparker,565
tracy,566
tristan.faure,567
ttakamiy,568
twagner,569
tww,570
urs.frei,571
vano,572
varro,573
villard,574
vincent.hemery,575
vincent.lorenzo,576
vincent.zurczak,577
vincenzo.caselli,578
vineet,579
vladdu55,580
vladislav.iliev,581
vrubezhny,582
walkraft,583
wayne,584
webmaster,585
werner.keil,586
wharley,587
whe,588
william.piers,589
wim.jongman,590
winston.prakash,591
wli,592
wmg040,593
wspear,594
wyan,595
xavier.raynaud,596
xgu,597
yannick7777,598
yjiang,599
ymnk,600
yoav_,601
yves.yang,602
zakhav,603
zeratul976,604
zqian,605
zsolt.beothy-elo,606
zulus,607
zx,608
